{
    "Resources/ParticleData/Disruption.json": {
        "StartPos": {
            "value0": 0.0,
            "value1": 147.94500732421876,
            "value2": 0.0,
            "value3": 0.0
        },
        "EndPos": {
            "value0": 300.0,
            "value1": -300.0,
            "value2": 0.0,
            "value3": 0.0
        },
        "StartColor": {
            "value0": 0.0,
            "value1": 0.5000002384185791,
            "value2": 1.0,
            "value3": 1.0
        },
        "EndColor": {
            "value0": 0.7647057771682739,
            "value1": 1.0,
            "value2": 0.0,
            "value3": 1.0
        },
        "Angle": {
            "value0": 0.0,
            "value1": 0.0,
            "value2": 0.0,
            "value3": 0.0
        },
        "Shot": false,
        "EndPointActive": true,
        "RandomVelocity": true,
        "RandomLife": true,
        "RandomSpeed": false,
        "RandomScale": false,
        "Speed": 0.5360000133514404,
        "LerpStrength": 0.039000000804662707,
        "Scale": 1.3969999551773072,
        "ScaleTinker": 0.0,
        "MaxLife": 26.915000915527345,
        "MaxParticleCount": 20000,
        "AdditiveSynthesis": true,
        "RandomLifeMinMax": {
            "value0": 24.089000701904298,
            "value1": 67.89600372314453
        },
        "RandomSpeedMinMax": {
            "value0": 1.0,
            "value1": 10.0
        },
        "RandomScaleMinMax": {
            "value0": 1.0,
            "value1": 10.0
        },
        "SpeedDivideSize": 1.0,
        "ScaleDivideSize": 1.0,
        "GravityStrength": 0.0,
        "Interlocking": true,
        "InterlockingStrength": 0.006000000052154064,
        "InterlockingLength": 100.0,
        "ScaleDownLifeTime": true,
        "EmitParticles": true,
        "ParticleGroup": true,
        "ParticleGroupCount": 5,
        "GroupTimer": 143.46400451660157,
        "MaxGroupTimer": 226.61099243164063,
        "RandomGroupTimerMinMax": {
            "value0": 160.81500244140626,
            "value1": 300.0
        },
        "RandomParticleExplosion": false,
        "ShapeNumber": 0,
        "Width": 1.0,
        "Height": 1.0,
        "Depth": 1.0,
        "ShapeScale": {
            "value0": 1.0,
            "value1": 1.0,
            "value2": 1.0,
            "value3": 1.0
        },
        "CollisionON": true,
        "GettingUpDownScale": false,
        "VelocityAdjustment": {
            "value0": 1.0,
            "value1": 1.0,
            "value2": 1.0
        },
        "PostEffectPow": 0.0
    }
}