{
    "Resources/ParticleData/EnemyUltCharge.json": {
        "StartPos": {
            "value0": 0.0,
            "value1": 197.14300537109376,
            "value2": 0.0,
            "value3": 0.0
        },
        "EndPos": {
            "value0": 0.0,
            "value1": 204.28599548339845,
            "value2": 0.0,
            "value3": 0.0
        },
        "StartColor": {
            "value0": 0.06704153120517731,
            "value1": 0.6136272549629211,
            "value2": 0.9117646813392639,
            "value3": 1.0
        },
        "EndColor": {
            "value0": 1.0,
            "value1": 1.0,
            "value2": 1.0,
            "value3": 1.0
        },
        "Angle": {
            "value0": 0.0,
            "value1": 0.0,
            "value2": 0.0,
            "value3": 0.0
        },
        "Shot": true,
        "EndPointActive": true,
        "RandomVelocity": true,
        "RandomLife": true,
        "RandomSpeed": false,
        "RandomScale": false,
        "Speed": 3.9600000381469728,
        "LerpStrength": 0.5130000114440918,
        "Scale": 6.3979997634887699,
        "ScaleTinker": 0.0,
        "MaxLife": 163.79200744628907,
        "MaxParticleCount": 5000,
        "AdditiveSynthesis": false,
        "RandomLifeMinMax": {
            "value0": 300.26799774169922,
            "value1": 479.0
        },
        "RandomSpeedMinMax": {
            "value0": 1.0,
            "value1": 10.0
        },
        "RandomScaleMinMax": {
            "value0": 1.0,
            "value1": 100.0
        },
        "SpeedDivideSize": 1.7920000553131104,
        "ScaleDivideSize": 1.0,
        "GravityStrength": 0.0,
        "Interlocking": false,
        "InterlockingStrength": 0.0,
        "InterlockingLength": 15.0,
        "ScaleDownLifeTime": true,
        "EmitParticles": false,
        "ParticleGroup": false,
        "ParticleGroupCount": 5,
        "GroupTimer": 30.0,
        "MaxGroupTimer": 300.0,
        "RandomGroupTimerMinMax": {
            "value0": 1.0,
            "value1": 30.0
        },
        "RandomParticleExplosion": false,
        "ShapeNumber": 1,
        "Width": 100.0,
        "Height": 100.0,
        "Depth": 100.0,
        "ShapeScale": {
            "value0": 10.600000381469727,
            "value1": 0.0,
            "value2": 11.399999618530274,
            "value3": 1.0
        },
        "CollisionON": true,
        "GettingUpDownScale": false,
        "VelocityAdjustment": {
            "value0": 1.0,
            "value1": 1.0,
            "value2": 1.0
        },
        "PostEffectPow": 0.0
    }
}