{
    "Resources/ParticleData/KisekiEnemy.json": {
        "StartPos": {
            "value0": 0.18700000643730164,
            "value1": 0.0,
            "value2": 0.0,
            "value3": 0.0
        },
        "EndPos": {
            "value0": 0.0,
            "value1": 50.0,
            "value2": 0.0,
            "value3": 0.0
        },
        "StartColor": {
            "value0": 0.9754902124404907,
            "value1": 0.396609365940094,
            "value2": 0.038254514336586,
            "value3": 1.0
        },
        "EndColor": {
            "value0": 1.0,
            "value1": 1.0,
            "value2": 1.0,
            "value3": 1.0
        },
        "Angle": {
            "value0": 0.0,
            "value1": 0.0,
            "value2": 0.0,
            "value3": 0.0
        },
        "Shot": true,
        "EndPointActive": false,
        "RandomVelocity": true,
        "RandomLife": true,
        "RandomSpeed": false,
        "RandomScale": true,
        "Speed": 0.009999999776482582,
        "LerpStrength": 0.05000000074505806,
        "Scale": 0.30000001192092898,
        "ScaleTinker": 0.0,
        "MaxLife": 60.0,
        "MaxParticleCount": 1500,
        "AdditiveSynthesis": false,
        "RandomLifeMinMax": {
            "value0": 12.340999603271485,
            "value1": 161.0030059814453
        },
        "RandomSpeedMinMax": {
            "value0": 1.0,
            "value1": 10.0
        },
        "RandomScaleMinMax": {
            "value0": 1.0,
            "value1": 10.0
        },
        "SpeedDivideSize": 1.0,
        "ScaleDivideSize": 1.0,
        "GravityStrength": 0.0,
        "Interlocking": false,
        "InterlockingStrength": 0.0,
        "InterlockingLength": 15.0,
        "ScaleDownLifeTime": true,
        "EmitParticles": false,
        "ParticleGroup": false,
        "ParticleGroupCount": 5,
        "GroupTimer": 30.0,
        "MaxGroupTimer": 934.4970092773438,
        "RandomGroupTimerMinMax": {
            "value0": 160.81500244140626,
            "value1": 300.0
        },
        "RandomParticleExplosion": false,
        "ShapeNumber": 2,
        "Width": 100.0,
        "Height": 100.0,
        "Depth": 100.0,
        "ShapeScale": {
            "value0": 1.0,
            "value1": 1.0,
            "value2": 1.0,
            "value3": 1.0
        },
        "CollisionON": true,
        "GettingUpDownScale": false,
        "VelocityAdjustment": {
            "value0": 1.0,
            "value1": 1.0,
            "value2": 1.0
        },
        "PostEffectPow": 0.0
    }
}