{
    "name": "scene",
    "objects": [
        {
            "type": "MESH",
            "name": "sphereColor",
            "transform": {
                "translation": [
                    -40.91448402404785,
                    0.0,
                    8.54175853729248
                ],
                "rotation": [
                    0.0,
                    -0.0,
                    0.0
                ],
                "scaling": [
                    1.0,
                    1.0,
                    1.0
                ]
            }
        }
    ]
}