{
    "name": "scene",
    "objects": [
        {
            "type": "MESH",
            "name": "sphere",
            "transform": {
                "translation": [
                    3.2710793018341064,
                    30.1005330085754395,
                    4.698571681976318
                ],
                "rotation": [
                    0.0,
                    -0.0,
                    0.0
                ],
                "scaling": [
                    1.0,
                    1.0,
                    1.0
                ]
            }
        },
        {
            "type": "MESH",
            "name": "sphere",
            "transform": {
                "translation": [
                    0.0,
                    0.0,
                    0.0
                ],
                "rotation": [
                    0.0,
                    -0.0,
                    0.0
                ],
                "scaling": [
                    1.0,
                    1.0,
                    1.0
                ]
            }
        },
        {
            "type": "MESH",
            "name": "UFO",
            "transform": {
                "translation": [
                    0.0,
                    -8.668685913085938,
                    30.0
                ],
                "rotation": [
                    0.0,
                    -0.0,
                    0.0
                ],
                "scaling": [
                    1.0,
                    1.0,
                    1.0
                ]
            }
        }
    ]
}