{
    "name": "scene",
    "objects": [
        {
            "type": "MESH",
            "name": "sphere",
            "transform": {
                "translation": [
                    0.0,
                    -8.222439765930176,
                    4.749366283416748
                ],
                "rotation": [
                    0.0,
                    -0.0,
                    0.0
                ],
                "scaling": [
                    1.0,
                    1.0,
                    1.0
                ]
            }
        },
        {
            "type": "MESH",
            "name": "cube",
            "transform": {
                "translation": [
                    4.91116189956665,
                    0.0,
                    3.3008177280426025
                ],
                "rotation": [
                    0.0,
                    -0.0,
                    0.0
                ],
                "scaling": [
                    1.0,
                    1.0,
                    1.0
                ]
            }
        },
        {
            "type": "MESH",
            "name": "UFO",
            "transform": {
                "translation": [
                    -9.056891441345215,
                    1.3116546869277954,
                    11.41889762878418
                ],
                "rotation": [
                    0.0,
                    -0.0,
                    0.0
                ],
                "scaling": [
                    1.0,
                    1.0,
                    1.0
                ]
            }
        }
    ]
}